CHRONIC DISEASE LIST CONDITION,"CDA FOR CORE, PRIORITY AND SAVER PLANS",CDA FOR EXECUTIVE AND COMPREHENSIVE PLANS,MEDICINE CLASS,ACTIVE INGREDIENT,MEDICINE NAME AND STRENGTH
Asthma,R 205.00,R 205.00,"Adrenergics:
Long acting - Formoterol",Formoterol,Foratec HFA 120 dose                           12mcg/dose
Asthma,R 45.00,R 45.00,"Adrenergics:
Short acting - Salbutamol",Salbutamol,Azmaler 200 dose                                        100mcg
Asthma,R 45.00,R 45.00,"Adrenergics:
Short acting - Salbutamol",Salbutamol,Glenbute 200 dose                                       100mcg
Asthma,R 45.00,R 45.00,"Adrenergics:
Short acting - Salbutamol",Salbutamol,Ventimax CFC free 200 dose                       100mcg
Asthma,R 240.00,R 240.00,Formoterol and Beclomethasone,Formoterol and Beclomethasone,"Innuvair 120 dose                                     100/6mcg
(Only Executive and Comprehensive plans)"
Asthma,R 240.00,R 240.00,Formoterol and Budesonide,Formoterol and Budesonide,"Symbicord turbohaler 60 dose                320/9mcg
(Only Executive and Comprehensive plans)"
Asthma,R 240.00,R 240.00,Formoterol and Budesonide,Formoterol and Budesonide,Symbicord turbohaler 60 dose             160/4.5mcg
Asthma,R 240.00,R 240.00,Formoterol and Budesonide,Formoterol and Budesonide,"Symbicord turbohaler 120 dose           160/4.5mcg
(Only Executive and Comprehensive plans)"
Asthma,R 240.00,R 240.00,Formoterol and Budesonide,Formoterol and Budesonide,"Vannair 120 dose                80/4.5mcg; 160/4.5mcg
(Only Executive and Comprehensive plans)"
Asthma,R 240.00,R 240.00,Formoterol and Mometasone,Formoterol and Mometasone,"Dulera 120 dose                     100/5mcg; 200/5mcg
(Only Executive and Comprehensive plans)"
Asthma,R 275.00,R 275.00,Inhaled anticholinergics: Ipratropium bromide,Ipratropium bromide,Atrovent HFA 200 dose                                   20mcg
Asthma,R 190.00,R 190.00,Inhaled Glucocorticoids,Beclomethasone,Beclate 200 dose              50mcg; 100mcg; 200mcg
Asthma,R 190.00,R 190.00,Inhaled Glucocorticoids,Beclomethasone,Beclomethasone Glenmark 200 dose 50mcg; 100mcg; 200mcg
Asthma,R 190.00,R 190.00,Inhaled Glucocorticoids,Budesonide,Aeromide 300 dose                                      200mcg
Asthma,R 190.00,R 190.00,Inhaled Glucocorticoids,Budesonide,Budeflam HFA 300 dose               100mcg; 200mcg
Asthma,R 240.00,R 240.00,Salmeterol and Fluticasone,Salmeterol and Fluticasone,"Sereflo DPI 60 dose            50/100; 50/250; 50/500
(Not available on KeyCare plans)"
Asthma,R 240.00,R 240.00,Salmeterol and Fluticasone,Salmeterol and Fluticasone,Sereflo HFA 120 dose           25/50; 25/125; 25/250
Asthma,R 240.00,R 240.00,Salmeterol and Fluticasone,Salmeterol and Fluticasone,Sereflo HFA synchrobreathe 120 dose 25/50; 25/125; 25/250
Asthma,R 240.00,R 240.00,Vilanterol and Fluticasone combinations,Vilanterol and Fluticasone furoate,"Revinty ellipta 30 dose         92/22mcg; 184/22mcg
(Not available on KeyCare plans)"
Asthma,R 20.00,R 20.00,Systemic Corticosteroids: Prednisone,Prednisone,Be-Tabs Prednisone                                           5mg
Asthma,R 20.00,R 20.00,Systemic Corticosteroids: Prednisone,Prednisone,Panafcort                                                            5mg
Asthma,R 20.00,R 20.00,Systemic Corticosteroids: Prednisone,Prednisone,Trolic                                                                   5mg
Cardiac failure,R 80.00,R 90.00,ACE inhibitors and diuretics,Enalapril and diuretics,Acenten                                                    20/12.5mg
Cardiac failure,R 80.00,R 90.00,ACE inhibitors and diuretics,Enalapril and diuretics,Enpresil co
Cardiac failure,R 80.00,R 90.00,ACE inhibitors and diuretics,Perindopril and diuretics,"Ciplasyl Plus                                               4/1.25mg
(Not available on KeyCare plans)"
Cardiac failure,R 80.00,R 90.00,ACE inhibitors and diuretics,Perindopril and diuretics,"Pearinda Plus                             4/1.25mg; 8/2.5mg
(Not available on KeyCare plans)"
Cardiac failure,R 80.00,R 90.00,ACE inhibitors and diuretics,Perindopril and diuretics,"Perdotor Plus                                             4/1.25mg
(Not available on KeyCare plans)"
Cardiac failure,R 80.00,R 90.00,ACE inhibitors and diuretics,Perindopril and diuretics,"Perindopril co Unicorn                              4/1.25mg
(Not available on KeyCare plans)"
Cardiac failure,R 80.00,R 90.00,ACE inhibitors and diuretics,Perindopril and diuretics,"Prexum 10 Plus                                          10/2.5mg
(Only Executive and Comprehensive plans)"
Cardiac failure,R 80.00,R 90.00,ACE inhibitors and diuretics,Perindopril and diuretics,Trexeva Plus                                               5/1.25mg
Cardiac failure,R 170.00,R 180.00,"ACE inhibitors, other combinations",Perindopril and Bisoprolol,"Cosyrel *           5/5mg; 10/5mg; 5/10mg; 10/10mg
(Not available on KeyCare plans)"
Cardiac failure,R 65.00,R 75.00,ACE inhibitors: Plain,Captopril,Mylan Captopril                                    25mg; 50mg
Cardiac failure,R 65.00,R 75.00,ACE inhibitors: Plain,Enalapril,Enalapril Arya                               5mg; 10mg; 20mg
Cardiac failure,R 65.00,R 75.00,ACE inhibitors: Plain,Enalapril,Hypace                                                               5mg
Cardiac failure,R 65.00,R 75.00,ACE inhibitors: Plain,Enalapril,Natrapress                                            10mg; 20mg
Cardiac failure,R 65.00,R 75.00,ACE inhibitors: Plain,Enalapril,Tenezil                                                   10mg; 20mg
Cardiac failure,R 65.00,R 75.00,ACE inhibitors: Plain,Lisinopril,Adco-Zetomax                             5mg; 10mg; 20mg
Cardiac failure,R 65.00,R 75.00,ACE inhibitors: Plain,Perindopril,"Pearinda                                                    4mg; 8mg
(Not available on KeyCare plans)"
Cardiac failure,R 65.00,R 75.00,ACE inhibitors: Plain,Perindopril,"Perdotor                                                    4mg; 8mg
(Not available on KeyCare plans)"
Cardiac failure,R 65.00,R 75.00,ACE inhibitors: Plain,Perindopril,"Perindopril Unicorn                                   4mg; 8mg
(Not available on KeyCare plans)"
Cardiac failure,R 65.00,R 75.00,ACE inhibitors: Plain,Perindopril,"Ran-Perindopril                                                  4mg
(Not available on KeyCare plans)"
Cardiac failure,R 65.00,R 75.00,ACE inhibitors: Plain,Perindopril,Reprex                                                       4mg; 8mg
Cardiac failure,R 220.00,R 220.00,Alpha and Beta blocking agents,Carvedilol,Carloc                                   6.25mg; 12.5mg; 25mg
Cardiac failure,R 220.00,R 220.00,Alpha and Beta blocking agents,Carvedilol,Carvedilol Unicorn               6.25mg; 12.5mg; 25mg
Cardiac failure,R 220.00,R 220.00,Alpha and Beta blocking agents,Carvedilol,Rubitrend                             6.25mg; 12.5mg; 25mg
Cardiac failure,R 90.00,R 100.00,Angiotensin II antagonists: Combinations,Losartan and diuretics,Annin co                                 50/12.5mg; 100/25mg
Cardiac failure,R 90.00,R 100.00,Angiotensin II antagonists: Combinations,Losartan and diuretics,Austell Losartan co                                  50/12.5mg
Cardiac failure,R 90.00,R 100.00,Angiotensin II antagonists: Combinations,Losartan and diuretics,Co-Normoten                        50/12.5mg; 100/25mg
Cardiac failure,R 90.00,R 100.00,Angiotensin II antagonists: Combinations,Losartan and diuretics,Hylokat                                  50/12.5mg; 100/25mg
Cardiac failure,R 90.00,R 100.00,Angiotensin II antagonists: Combinations,Losartan and diuretics,Losaar Plus                            50/12.5mg; 100/25mg
Cardiac failure,R 90.00,R 100.00,Angiotensin II antagonists: Combinations,Losartan and diuretics,Zaario Plus                            50/12.5mg; 100/25mg
Cardiac failure,R 90.00,R 100.00,Angiotensin II antagonists: Combinations,Losartan and diuretics,Zartan co                               50/12.5mg; 100/25mg
Cardiac failure,R 90.00,R 100.00,Angiotensin II antagonists: Combinations,Telmisartan and diuretics,"Co-Telza                                40/12.5mg; 80/12.5mg
(Not available on KeyCare plans)"
Cardiac failure,R 90.00,R 100.00,Angiotensin II antagonists: Combinations,Telmisartan and diuretics,"Telpres Plus                          40/12.5mg; 80/12.5mg
(Not available on KeyCare plans)"
Cardiac failure,R 90.00,R 100.00,Angiotensin II antagonists: Combinations,Telmisartan and diuretics,"Tesar co                                40/12.5mg; 80/12.5mg
(Not available on KeyCare plans)"
Cardiac failure,R 90.00,R 100.00,Angiotensin II antagonists: Combinations,Telmisartan and diuretics,"Ticarda Plus                          40/12.5mg; 80/12.5mg
(Not available on KeyCare plans)"
Cardiac failure,R 90.00,R 100.00,Angiotensin II antagonists: Combinations,Telmisartan and diuretics,"Tremistan Plus                     40/12.5mg; 80/12.5mg
(Not available on KeyCare plans)"
Cardiac failure,R 90.00,R 100.00,Angiotensin II antagonists: Combinations,Valsartan and diuretics,"Niosar co         80/12.5mg; 160/12.5mg; 160/25mg
(Only Executive and Comprehensive plans)"
Cardiac failure,R 90.00,R 100.00,Angiotensin II antagonists: Combinations,Valsartan and diuretics,"Regoval co       80/12.5mg; 160/12.5mg; 160/25mg
(Only Executive and Comprehensive plans)"
Cardiac failure,R 90.00,R 100.00,Angiotensin II antagonists: Combinations,Valsartan and diuretics,"Valazyd co       80/12.5mg; 160/12.5mg; 160/25mg
(Only Executive and Comprehensive plans)"
Cardiac failure,R 90.00,R 100.00,Angiotensin II antagonists: Combinations,Valsartan and diuretics,"Valheft co                            160/12.5mg; 160/25mg
(Only Executive and Comprehensive plans)"
Cardiac failure,R 75.00,R 110.00,Angiotensin II antagonists: Plain,Irbesartan,"Jubitan                                               150mg; 300mg
(Not available on KeyCare plans)"
Cardiac failure,R 75.00,R 110.00,Angiotensin II antagonists: Plain,Irbesartan,"Trobet                                                150mg; 300mg
(Not available on KeyCare plans)"
Cardiac failure,R 75.00,R 110.00,Angiotensin II antagonists: Plain,Losartan,Annin                                                   50mg; 100mg
Cardiac failure,R 75.00,R 110.00,Angiotensin II antagonists: Plain,Losartan,Austell Losartan                                  50mg; 100mg
Cardiac failure,R 75.00,R 110.00,Angiotensin II antagonists: Plain,Losartan,"Losartan Accord                                  50mg; 100mg
(Not available on KeyCare plans)"
Cardiac failure,R 75.00,R 110.00,Angiotensin II antagonists: Plain,Losartan,"Losartan Macleods                             50mg; 100mg
(Not available on KeyCare plans)"
Cardiac failure,R 75.00,R 110.00,Angiotensin II antagonists: Plain,Losartan,"Normoten                                            50mg; 100mg
(Not available on KeyCare plans)"
Cardiac failure,R 75.00,R 110.00,Angiotensin II antagonists: Plain,Losartan,"Zaario                                                  50mg; 100mg
(Not available on KeyCare plans)"
Cardiac failure,R 75.00,R 110.00,Angiotensin II antagonists: Plain,Losartan,"Zartan                                                 50mg; 100mg
(Not available on KeyCare plans)"
Cardiac failure,R 75.00,R 110.00,Angiotensin II antagonists: Plain,Telmisartan,"Telpres                                                  40mg; 80mg
(Not available on KeyCare plans)"
Cardiac failure,R 75.00,R 110.00,Angiotensin II antagonists: Plain,Telmisartan,"Tesminol                                                40mg; 80mg
(Not available on KeyCare plans)"
Cardiac failure,R 75.00,R 110.00,Angiotensin II antagonists: Plain,Telmisartan,"Ticarda                                                  40mg; 80mg
(Not available on KeyCare plans)"
Cardiac failure,R 75.00,R 110.00,Angiotensin II antagonists: Plain,Valsartan,"Niosar                                                 80mg; 160mg
(Not available on KeyCare plans)"
Cardiac failure,R 120.00,R 120.00,Arteriolar smooth muscle agents: Hydrazinophthalazine derivatives,Hydralazine,Hydralazine HCl 25 Kiara                                 25mg
Cardiac failure,R 120.00,R 120.00,Arteriolar smooth muscle agents: Hydrazinophthalazine derivatives,,Hyperphen                                            10mg; 50mg
Cardiac failure,R 60.00,R 70.00,Beta blocking agents: Selective,Bisoprolol,Adco-Bisocor                                           5mg; 10mg
Cardiac failure,R 60.00,R 70.00,Beta blocking agents: Selective,Bisoprolol,Biloblok                                                               5mg
Cardiac failure,R 60.00,R 70.00,Beta blocking agents: Selective,Bisoprolol,Bilocor                                                     5mg; 10mg
Cardiac failure,R 60.00,R 70.00,Beta blocking agents: Selective,Bisoprolol,Bislo                                                         5mg; 10mg
Cardiac failure,R 60.00,R 70.00,Beta blocking agents: Selective,Bisoprolol,Bisoprolol Unicorn                                  5mg; 10mg
Cardiac failure,R 60.00,R 70.00,Beta blocking agents: Selective,Bisoprolol,Emcor                                                      5mg; 10mg
Cardiac failure,R 60.00,R 70.00,Beta blocking agents: Selective,Bisoprolol,Presicard                                                  5mg; 10mg
Cardiac failure,R 35.00,R 35.00,Cardiac glycosides: Digoxin,Digoxin,Lanoxin                                       0.0625mg; 0.25mg
Cardiac failure,R 35.00,R 35.00,Cardiac glycosides: Digoxin,Digoxin,Lanoxin paediatric/geriatric syrup       0.05mg/1ml
Cardiac failure,R 20.00,R 40.00,High-ceiling diuretics,Furosemide,Defulide                                                            40mg
Cardiac failure,R 20.00,R 40.00,High-ceiling diuretics,Furosemide,Furobe                                                               40mg
Cardiac failure,R 20.00,R 40.00,High-ceiling diuretics,Furosemide,Furosemide  40 Unimed                                  40mg
Cardiac failure,R 15.00,R 15.00,"Low-ceiling diuretics: Thiazides, plain",Hydrochlorothiazide,Gulf Hydrochlorothiazide                                 25mg
Cardiac failure,R 15.00,R 15.00,"Low-ceiling diuretics: Thiazides, plain",Hydrochlorothiazide,Ridaq                                                              12.5mg
Cardiac failure,R 15.00,R 15.00,"Low-ceiling diuretics: Thiazides, plain",Hydrochlorothiazide,Zidaflo                                                 12.5mg; 25mg
Cardiac failure,R 25.00,R 25.00,Low-ceiling diuretics: excluding Thiazides,Indapamide,Adco-Dapamax                                                2.5mg
Cardiac failure,R 25.00,R 25.00,Low-ceiling diuretics: excluding Thiazides,Indapamide,Catexan                                                            2.5mg
Cardiac failure,R 25.00,R 25.00,Low-ceiling diuretics: excluding Thiazides,Indapamide,Cipla-Indapamide                                            2.5mg
Cardiac failure,R 25.00,R 25.00,Low-ceiling diuretics: excluding Thiazides,Indapamide,Mylan Indapamide                                          2.5mg
Cardiac failure,R 120.00,R 120.00,Potassium sparing agents,Spironolactone,Aldactone                                                          25mg
Cardiac failure,R 120.00,R 120.00,Potassium sparing agents,Spironolactone,Spironolactone 25mg Accord                          25mg
Cardiac failure,R 120.00,R 120.00,Potassium sparing agents,Spironolactone,Spironolactone 25 Kiara                                   25mg
Cardiac failure,R 130.00,R 130.00,Potassium supplements,Potassium chloride,Ultipot                                                             600mg
Cardiac failure,R 250.00,R 250.00,"Vasodilators in cardiac disease:
Organic nitrates",Isosorbide dinitrate,Isosorbide dinitrate Kiara                      5mg; 10mg
Cardiac failure,R 250.00,R 250.00,"Vasodilators in cardiac disease:
Organic nitrates",Isosorbide mononitrate,Ismo                                                                  20mg
Cardiac failure,R 250.00,R 250.00,"Vasodilators in cardiac disease:
Organic nitrates",Isosorbide mononitrate,Monicor SR                                                       60mg
Cardiomyopathy,R 80.00,R 90.00,ACE inhibitors and diuretics,Enalapril and diuretics,Acenten                                                    20/12.5mg
Cardiomyopathy,R 80.00,R 90.00,ACE inhibitors and diuretics,Enalapril and diuretics,Enpresil co
Cardiomyopathy,R 80.00,R 90.00,ACE inhibitors and diuretics,Perindopril and diuretics,"Ciplasyl Plus                                               4/1.25mg
(Not available on KeyCare plans)"
Cardiomyopathy,R 80.00,R 90.00,ACE inhibitors and diuretics,Perindopril and diuretics,"Pearinda Plus                             4/1.25mg; 8/2.5mg
(Not available on KeyCare plans)"
Cardiomyopathy,R 80.00,R 90.00,ACE inhibitors and diuretics,Perindopril and diuretics,"Perdotor Plus                                             4/1.25mg
(Not available on KeyCare plans)"
Cardiomyopathy,R 80.00,R 90.00,ACE inhibitors and diuretics,Perindopril and diuretics,"Perindopril co Unicorn                              4/1.25mg
(Not available on KeyCare plans)"
Cardiomyopathy,R 80.00,R 90.00,ACE inhibitors and diuretics,Perindopril and diuretics,"Prexum 10 Plus                                          10/2.5mg
(Only Executive and Comprehensive plans)"
Cardiomyopathy,R 80.00,R 90.00,ACE inhibitors and diuretics,Perindopril and diuretics,Trexeva Plus                                               5/1.25mg
Cardiomyopathy,R 170.00,R 180.00,"ACE inhibitors, other combinations",Perindopril and Bisoprolol,"Cosyrel *           5/5mg; 10/5mg; 5/10mg; 10/10mg
(Not available on KeyCare plans)"
Cardiomyopathy,R 65.00,R 75.00,ACE inhibitors: Plain,Captopril,Mylan Captopril                                    25mg; 50mg
Cardiomyopathy,R 65.00,R 75.00,ACE inhibitors: Plain,Enalapril,Enalapril Arya                               5mg; 10mg; 20mg
Cardiomyopathy,R 65.00,R 75.00,ACE inhibitors: Plain,Enalapril,Hypace                                                               5mg
Cardiomyopathy,R 65.00,R 75.00,ACE inhibitors: Plain,Enalapril,Natrapress                                             10mg; 20mg
Cardiomyopathy,R 65.00,R 75.00,ACE inhibitors: Plain,Enalapril,Tenezil                                                   10mg; 20mg
Cardiomyopathy,R 65.00,R 75.00,ACE inhibitors: Plain,Lisinopril,Adco-Zetomax                              5mg; 10mg; 20mg
Cardiomyopathy,R 65.00,R 75.00,ACE inhibitors: Plain,Perindopril,"Pearinda                                                    4mg; 8mg
(Not available on KeyCare plans)"
Cardiomyopathy,R 65.00,R 75.00,ACE inhibitors: Plain,Perindopril,"Perdotor                                                    4mg; 8mg
(Not available on KeyCare plans)"
Cardiomyopathy,R 65.00,R 75.00,ACE inhibitors: Plain,Perindopril,"Perindopril Unicorn                                   4mg; 8mg
(Not available on KeyCare plans)"
Cardiomyopathy,R 65.00,R 75.00,ACE inhibitors: Plain,Perindopril,"Ran-Perindopril                                                  4mg
(Not available on KeyCare plans)"
Cardiomyopathy,R 65.00,R 75.00,ACE inhibitors: Plain,Perindopril,Reprex                                                       4mg; 8mg
Cardiomyopathy,R 220.00,R 220.00,Alpha and Beta blocking agents,Carvedilol,Carloc                                   6.25mg; 12.5mg; 25mg
Cardiomyopathy,R 220.00,R 220.00,Alpha and Beta blocking agents,Carvedilol,Carvedilol Unicorn               6.25mg; 12.5mg; 25mg
Cardiomyopathy,R 220.00,R 220.00,Alpha and Beta blocking agents,Carvedilol,Rubitrend                             6.25mg; 12.5mg; 25mg
Cardiomyopathy,R 90.00,R 100.00,Angiotensin II antagonists: Combinations,Losartan and diuretics,Annin co                                 50/12.5mg; 100/25mg
Cardiomyopathy,R 90.00,R 100.00,Angiotensin II antagonists: Combinations,Losartan and diuretics,Austell Losartan co                                  50/12.5mg
Cardiomyopathy,R 90.00,R 100.00,Angiotensin II antagonists: Combinations,Losartan and diuretics,Co-Normoten                        50/12.5mg; 100/25mg
Cardiomyopathy,R 90.00,R 100.00,Angiotensin II antagonists: Combinations,Losartan and diuretics,Hylokat                                  50/12.5mg; 100/25mg
Cardiomyopathy,R 90.00,R 100.00,Angiotensin II antagonists: Combinations,Losartan and diuretics,Losaar Plus                            50/12.5mg; 100/25mg
Cardiomyopathy,R 90.00,R 100.00,Angiotensin II antagonists: Combinations,Losartan and diuretics,Zaario Plus                            50/12.5mg; 100/25mg
Cardiomyopathy,R 90.00,R 100.00,Angiotensin II antagonists: Combinations,Losartan and diuretics,Zartan co                               50/12.5mg; 100/25mg
Cardiomyopathy,R 90.00,R 100.00,Angiotensin II antagonists: Combinations,Telmisartan and diuretics,"Co-Telza                                40/12.5mg; 80/12.5mg
(Not available on KeyCare plans)"
Cardiomyopathy,R 90.00,R 100.00,Angiotensin II antagonists: Combinations,Telmisartan and diuretics,"Telpres Plus                          40/12.5mg; 80/12.5mg
(Not available on KeyCare plans)"
Cardiomyopathy,R 90.00,R 100.00,Angiotensin II antagonists: Combinations,Telmisartan and diuretics,"Tesar co                                40/12.5mg; 80/12.5mg
(Not available on KeyCare plans)"
Cardiomyopathy,R 90.00,R 100.00,Angiotensin II antagonists: Combinations,Telmisartan and diuretics,"Ticarda Plus                          40/12.5mg; 80/12.5mg
(Not available on KeyCare plans)"
Cardiomyopathy,R 90.00,R 100.00,Angiotensin II antagonists: Combinations,Telmisartan and diuretics,"Tremistan Plus                     40/12.5mg; 80/12.5mg
(Not available on KeyCare plans)"
Cardiomyopathy,R 90.00,R 100.00,Angiotensin II antagonists: Combinations,Valsartan and diuretics,"Niosar co         80/12.5mg; 160/12.5mg; 160/25mg
(Only Executive and Comprehensive plans)"
Cardiomyopathy,R 90.00,R 100.00,Angiotensin II antagonists: Combinations,Valsartan and diuretics,"Regoval co       80/12.5mg; 160/12.5mg; 160/25mg
(Only Executive and Comprehensive plans)"
Cardiomyopathy,R 90.00,R 100.00,Angiotensin II antagonists: Combinations,Valsartan and diuretics,"Valazyd co       80/12.5mg; 160/12.5mg; 160/25mg
(Only Executive and Comprehensive plans)"
Cardiomyopathy,R 90.00,R 100.00,Angiotensin II antagonists: Combinations,Valsartan and diuretics,"Valheft co                            160/12.5mg; 160/25mg
(Only Executive and Comprehensive plans)"
Cardiomyopathy,R 75.00,R 110.00,Angiotensin II antagonists: Plain,Irbesartan,"Jubitan                                               150mg; 300mg
(Not available on KeyCare plans)"
Cardiomyopathy,R 75.00,R 110.00,Angiotensin II antagonists: Plain,Irbesartan,"Trobet                                                150mg; 300mg
(Not available on KeyCare plans)"
Cardiomyopathy,R 75.00,R 110.00,Angiotensin II antagonists: Plain,Losartan,Annin                                                   50mg; 100mg
Cardiomyopathy,R 75.00,R 110.00,Angiotensin II antagonists: Plain,Losartan,Austell Losartan                                  50mg; 100mg
Cardiomyopathy,R 75.00,R 110.00,Angiotensin II antagonists: Plain,Losartan,"Losartan Accord                                  50mg; 100mg
(Not available on KeyCare plans)"
Cardiomyopathy,R 75.00,R 110.00,Angiotensin II antagonists: Plain,Losartan,"Losartan Macleods                             50mg; 100mg
(Not available on KeyCare plans)"
Cardiomyopathy,R 75.00,R 110.00,Angiotensin II antagonists: Plain,Losartan,"Normoten                                            50mg; 100mg
(Not available on KeyCare plans)"
Cardiomyopathy,R 75.00,R 110.00,Angiotensin II antagonists: Plain,Losartan,"Zaario                                                  50mg; 100mg
(Not available on KeyCare plans)"
Cardiomyopathy,R 75.00,R 110.00,Angiotensin II antagonists: Plain,Losartan,"Zartan                                                 50mg; 100mg
(Not available on KeyCare plans)"
Cardiomyopathy,R 75.00,R 110.00,Angiotensin II antagonists: Plain,Telmisartan,"Telpres                                                  40mg; 80mg
(Not available on KeyCare plans)"
Cardiomyopathy,R 75.00,R 110.00,Angiotensin II antagonists: Plain,Telmisartan,"Tesminol                                                40mg; 80mg
(Not available on KeyCare plans)"
Cardiomyopathy,R 75.00,R 110.00,Angiotensin II antagonists: Plain,Telmisartan,"Ticarda                                                  40mg; 80mg
(Not available on KeyCare plans)"
Cardiomyopathy,R 75.00,R 110.00,Angiotensin II antagonists: Plain,Valsartan,"Niosar                                                 80mg; 160mg
(Not available on KeyCare plans)"
Cardiomyopathy,R 85.00,R 85.00,Anti-thrombotic agents: Vitamin K antagonists,Warfarin,Cipla-Warfarin                                                    5mg
Cardiomyopathy,R 85.00,R 85.00,Anti-thrombotic agents: Vitamin K antagonists,Warfarin,Segavin                                                               5mg
Cardiomyopathy,R 85.00,R 85.00,Anti-thrombotic agents: Vitamin K antagonists,Warfarin,Warfarin 5mg Austell                                         5mg
Cardiomyopathy,R 85.00,R 85.00,Anti-thrombotic agents: Vitamin K antagonists,Warfarin,Warfarin 5 Unicorn                                             5mg
Cardiomyopathy,R 120.00,R 120.00,Arteriolar smooth muscle agents: Hydrazinophthalazine derivatives,Hydralazine,Hydralazine HCl 25 Kiara                                 25mg
Cardiomyopathy,R 120.00,R 120.00,Arteriolar smooth muscle agents: Hydrazinophthalazine derivatives,,Hyperphen                                            10mg; 50mg
Cardiomyopathy,R 30.00,R 35.00,Aspirin: Cardiovascular,Acetylsalicylic acid,Aspirin 100 Clicks                                           100mg
Cardiomyopathy,R 30.00,R 35.00,Aspirin: Cardiovascular,,Coprin                                                             100mg
Cardiomyopathy,R 30.00,R 35.00,Aspirin: Cardiovascular,,"Myoprin                                                          100mg
(Only Executive and Comprehensive plans)"
Cardiomyopathy,R 30.00,R 35.00,Aspirin: Cardiovascular,,Trinprin                                                           100mg
Cardiomyopathy,R 30.00,R 70.00,Beta blocking agents: Selective,Bisoprolol,Adco-Bisocor                                           5mg; 10mg
Cardiomyopathy,R 30.00,R 70.00,Beta blocking agents: Selective,Bisoprolol,Biloblok                                                               5mg
Cardiomyopathy,R 30.00,R 70.00,Beta blocking agents: Selective,Bisoprolol,Bilocor                                                     5mg; 10mg
Cardiomyopathy,R 30.00,R 70.00,Beta blocking agents: Selective,Bisoprolol,Bislo                                                         5mg; 10mg
Cardiomyopathy,R 30.00,R 70.00,Beta blocking agents: Selective,Bisoprolol,Bisoprolol Unicorn                                  5mg; 10mg
Cardiomyopathy,R 30.00,R 70.00,Beta blocking agents: Selective,Bisoprolol,Emcor                                                      5mg; 10mg
Cardiomyopathy,R 30.00,R 70.00,Beta blocking agents: Selective,Bisoprolol,Presicard                                                  5mg; 10mg
Cardiomyopathy,R 35.00,R 35.00,Cardiac glycosides: Digoxin,Digoxin,Lanoxin                                       0.0625mg; 0.25mg
Cardiomyopathy,R 35.00,R 35.00,Cardiac glycosides: Digoxin,Digoxin,Lanoxin paediatric/geriatric syrup       0.05mg/1ml
Cardiomyopathy,R 20.00,R 40.00,High-ceiling diuretics,Furosemide,Defulide                                                            40mg
Cardiomyopathy,R 20.00,R 40.00,High-ceiling diuretics,Furosemide,Furobe                                                               40mg
Cardiomyopathy,R 20.00,R 40.00,High-ceiling diuretics,Furosemide,Furosemide  40 Unimed                                  40mg
Cardiomyopathy,R 15.00,R 15.00,"Low-ceiling diuretics: Thiazides, plain",Hydrochlorothiazide,Gulf Hydrochlorothiazide                                 25mg
Cardiomyopathy,R 15.00,R 15.00,"Low-ceiling diuretics: Thiazides, plain",Hydrochlorothiazide,Ridaq                                                              12.5mg
Cardiomyopathy,R 15.00,R 15.00,"Low-ceiling diuretics: Thiazides, plain",Hydrochlorothiazide,Zidaflo                                                 12.5mg; 25mg
Cardiomyopathy,R 25.00,R 25.00,Low-ceiling diuretics: excluding Thiazides,Indapamide,Adco-Dapamax                                                2.5mg
Cardiomyopathy,R 25.00,R 25.00,Low-ceiling diuretics: excluding Thiazides,Indapamide,Catexan                                                            2.5mg
Cardiomyopathy,R 25.00,R 25.00,Low-ceiling diuretics: excluding Thiazides,Indapamide,Cipla-Indapamide                                            2.5mg
Cardiomyopathy,R 25.00,R 25.00,Low-ceiling diuretics: excluding Thiazides,Indapamide,Mylan Indapamide                                          2.5mg
Cardiomyopathy,R 120.00,R 120.00,Potassium sparing agents,Spironolactone,Aldactone                                                         25mg
Cardiomyopathy,R 120.00,R 120.00,Potassium sparing agents,Spironolactone,Spironolactone 25mg Accord                          25mg
Cardiomyopathy,R 120.00,R 120.00,Potassium sparing agents,Spironolactone,Spironolactone 25 Kiara                                   25mg
Cardiomyopathy,R 130.00,R 130.00,Potassium supplements,Potassium chloride,Ultipot                                                             600mg
Cardiomyopathy,R 250.00,R 250.00,"Vasodilators in cardiac disease:
Organic nitrates",Isosorbide dinitrate,Isosorbide dinitrate Kiara                      5mg; 10mg
Cardiomyopathy,R 250.00,R 250.00,"Vasodilators in cardiac disease:
Organic nitrates",Isosorbide mononitrate,Ismo                                                                  20mg
Cardiomyopathy,R 250.00,R 250.00,"Vasodilators in cardiac disease:
Organic nitrates",Isosorbide mononitrate,Monicor SR                                                       60mg
Chronic renal disease,R 80.00,R 90.00,ACE inhibitors and diuretics,Enalapril and diuretics,Acenten                                                    20/12.5mg
Chronic renal disease,R 80.00,R 90.00,ACE inhibitors and diuretics,,Enpresil co
Chronic renal disease,R 80.00,R 90.00,ACE inhibitors and diuretics,Perindopril and diuretics,"Ciplasyl Plus                                               4/1.25mg
(Not available on KeyCare plans)"
Chronic renal disease,R 80.00,R 90.00,ACE inhibitors and diuretics,Perindopril and diuretics,"Pearinda Plus                             4/1.25mg; 8/2.5mg
(Not available on KeyCare plans)"
Chronic renal disease,R 80.00,R 90.00,ACE inhibitors and diuretics,Perindopril and diuretics,"Perdotor Plus                                             4/1.25mg
(Not available on KeyCare plans)"
Chronic renal disease,R 80.00,R 90.00,ACE inhibitors and diuretics,Perindopril and diuretics,"Perindopril co Unicorn                              4/1.25mg
(Not available on KeyCare plans)"
Chronic renal disease,R 80.00,R 90.00,ACE inhibitors and diuretics,Perindopril and diuretics,"Prexum 10 Plus                                          10/2.5mg
(Only Executive and Comprehensive plans)"
Chronic renal disease,R 80.00,R 90.00,ACE inhibitors and diuretics,Perindopril and diuretics,Trexeva Plus                                               5/1.25mg
Chronic renal disease,R 170.00,R 180.00,"ACE inhibitors, other combinations",Perindopril and Bisoprolol,"Cosyrel *           5/5mg; 10/5mg; 5/10mg; 10/10mg
(Not available on KeyCare plans)"
Chronic renal disease,R 65.00,R 75.00,ACE inhibitors: Plain,Captopril,Mylan Captopril                                    25mg; 50mg
Chronic renal disease,R 65.00,R 75.00,ACE inhibitors: Plain,Enalapril,Enalapril Arya                               5mg; 10mg; 20mg
Chronic renal disease,R 65.00,R 75.00,ACE inhibitors: Plain,Enalapril,Hypace                                                               5mg
Chronic renal disease,R 65.00,R 75.00,ACE inhibitors: Plain,Enalapril,Natrapress                                            10mg; 20mg
Chronic renal disease,R 65.00,R 75.00,ACE inhibitors: Plain,Enalapril,Tenezil                                                   10mg; 20mg
Chronic renal disease,R 65.00,R 75.00,ACE inhibitors: Plain,Lisinopril,Adco-Zetomax                             5mg; 10mg; 20mg
Chronic renal disease,R 65.00,R 75.00,ACE inhibitors: Plain,Perindopril,"Pearinda                                                    4mg; 8mg
(Not available on KeyCare plans)"
Chronic renal disease,R 65.00,R 75.00,ACE inhibitors: Plain,Perindopril,"Perdotor                                                    4mg; 8mg
(Not available on KeyCare plans)"
Chronic renal disease,R 65.00,R 75.00,ACE inhibitors: Plain,Perindopril,"Perindopril Unicorn                                   4mg; 8mg
(Not available on KeyCare plans)"
Chronic renal disease,R 65.00,R 75.00,ACE inhibitors: Plain,Perindopril,"Ran-Perindopril                                                  4mg
(Not available on KeyCare plans)"
Chronic renal disease,R 65.00,R 75.00,ACE inhibitors: Plain,Perindopril,Reprex                                                       4mg; 8mg
Chronic renal disease,R 90.00,R 100.00,Angiotensin II antagonists: Combinations,Losartan and diuretics,Annin co                                 50/12.5mg; 100/25mg
Chronic renal disease,R 90.00,R 100.00,Angiotensin II antagonists: Combinations,Losartan and diuretics,Austell Losartan co                                  50/12.5mg
Chronic renal disease,R 90.00,R 100.00,Angiotensin II antagonists: Combinations,Losartan and diuretics,Co-Normoten                        50/12.5mg; 100/25mg
Chronic renal disease,R 90.00,R 100.00,Angiotensin II antagonists: Combinations,Losartan and diuretics,Hylokat                                  50/12.5mg; 100/25mg
Chronic renal disease,R 90.00,R 100.00,Angiotensin II antagonists: Combinations,Losartan and diuretics,Losaar Plus                            50/12.5mg; 100/25mg
Chronic renal disease,R 90.00,R 100.00,Angiotensin II antagonists: Combinations,Losartan and diuretics,Zaario Plus                            50/12.5mg; 100/25mg
Chronic renal disease,R 90.00,R 100.00,Angiotensin II antagonists: Combinations,Losartan and diuretics,Zartan co                               50/12.5mg; 100/25mg
Chronic renal disease,R 90.00,R 100.00,Angiotensin II antagonists: Combinations,Telmisartan and diuretics,"Co-Telza                                40/12.5mg; 80/12.5mg
(Not available on KeyCare plans)"
Chronic renal disease,R 90.00,R 100.00,Angiotensin II antagonists: Combinations,Telmisartan and diuretics,"Telpres Plus                          40/12.5mg; 80/12.5mg
(Not available on KeyCare plans)"
Chronic renal disease,R 90.00,R 100.00,Angiotensin II antagonists: Combinations,Telmisartan and diuretics,"Tesar co                                40/12.5mg; 80/12.5mg
(Not available on KeyCare plans)"
Chronic renal disease,R 90.00,R 100.00,Angiotensin II antagonists: Combinations,Telmisartan and diuretics,"Ticarda Plus                          40/12.5mg; 80/12.5mg
(Not available on KeyCare plans)"
Chronic renal disease,R 90.00,R 100.00,Angiotensin II antagonists: Combinations,Telmisartan and diuretics,"Tremistan Plus                     40/12.5mg; 80/12.5mg
(Not available on KeyCare plans)"
Chronic renal disease,R 90.00,R 100.00,Angiotensin II antagonists: Combinations,Valsartan and diuretics,"Niosar co         80/12.5mg; 160/12.5mg; 160/25mg
(Only Executive and Comprehensive plans)"
Chronic renal disease,R 90.00,R 100.00,Angiotensin II antagonists: Combinations,Valsartan and diuretics,"Regoval co       80/12.5mg; 160/12.5mg; 160/25mg
(Only Executive and Comprehensive plans)"
Chronic renal disease,R 90.00,R 100.00,Angiotensin II antagonists: Combinations,Valsartan and diuretics,"Valazyd co       80/12.5mg; 160/12.5mg; 160/25mg
(Only Executive and Comprehensive plans)"
Chronic renal disease,R 90.00,R 100.00,Angiotensin II antagonists: Combinations,Valsartan and diuretics,"Valheft co                            160/12.5mg; 160/25mg
(Only Executive and Comprehensive plans)"
Chronic renal disease,R 75.00,R 110.00,Angiotensin II antagonists: Plain,Irbesartan,"Jubitan                                               150mg; 300mg
(Not available on KeyCare plans)"
Chronic renal disease,R 75.00,R 110.00,Angiotensin II antagonists: Plain,Irbesartan,"Trobet                                                150mg; 300mg
(Not available on KeyCare plans)"
Chronic renal disease,R 75.00,R 110.00,Angiotensin II antagonists: Plain,Losartan,Annin                                                   50mg; 100mg
Chronic renal disease,R 75.00,R 110.00,Angiotensin II antagonists: Plain,Losartan,Austell Losartan                                  50mg; 100mg
Chronic renal disease,R 75.00,R 110.00,Angiotensin II antagonists: Plain,Losartan,"Losartan Accord                                  50mg; 100mg
(Not available on KeyCare plans)"
Chronic renal disease,R 75.00,R 110.00,Angiotensin II antagonists: Plain,Losartan,"Losartan Macleods                             50mg; 100mg
(Not available on KeyCare plans)"
Chronic renal disease,R 75.00,R 110.00,Angiotensin II antagonists: Plain,Losartan,"Normoten                                            50mg; 100mg
(Not available on KeyCare plans)"
Chronic renal disease,R 75.00,R 110.00,Angiotensin II antagonists: Plain,Losartan,"Zaario                                                  50mg; 100mg
(Not available on KeyCare plans)"
Chronic renal disease,R 75.00,R 110.00,Angiotensin II antagonists: Plain,Losartan,"Zartan                                                 50mg; 100mg
(Not available on KeyCare plans)"
Chronic renal disease,R 75.00,R 110.00,Angiotensin II antagonists: Plain,Telmisartan,"Telpres                                                  40mg; 80mg
(Not available on KeyCare plans)"
Chronic renal disease,R 75.00,R 110.00,Angiotensin II antagonists: Plain,Telmisartan,"Tesminol                                                40mg; 80mg
(Not available on KeyCare plans)"
Chronic renal disease,R 75.00,R 110.00,Angiotensin II antagonists: Plain,Telmisartan,"Ticarda                                                  40mg; 80mg
(Not available on KeyCare plans)"
Chronic renal disease,R 75.00,R 110.00,Angiotensin II antagonists: Plain,Valsartan,"Niosar                                                 80mg; 160mg
(Not available on KeyCare plans)"
Chronic renal disease,R 60.00,R 70.00,Beta blocking agents: Selective,Bisoprolol,Adco-Bisocor                                           5mg; 10mg
Chronic renal disease,R 60.00,R 70.00,Beta blocking agents: Selective,Bisoprolol,Biloblok                                                               5mg
Chronic renal disease,R 60.00,R 70.00,Beta blocking agents: Selective,Bisoprolol,Bilocor                                                     5mg; 10mg
Chronic renal disease,R 60.00,R 70.00,Beta blocking agents: Selective,Bisoprolol,Bislo                                                         5mg; 10mg
Chronic renal disease,R 60.00,R 70.00,Beta blocking agents:,Bisoprolol,Bisoprolol Unicorn                                  5mg; 10mg
Chronic renal disease,R 60.00,R 70.00,Selective,Bisoprolol,
Chronic renal disease,R 60.00,R 70.00,Selective,Bisoprolol,Emcor                                                      5mg; 10mg
Chronic renal disease,R 60.00,R 70.00,Selective,Bisoprolol,Presicard                                                  5mg; 10mg
Chronic renal disease,R 330.00,R 330.00,Calcium supplements,Calcium carbonate,B-cal
Chronic renal disease,R 10.00,R 10.00,Folic acid and derivatives,Folic acid,Be-Tabs Folic acid                                               5mg
Chronic renal disease,R 10.00,R 10.00,Folic acid and derivatives,Folic acid,Gulf Folic acid                                                     5mg
Chronic renal disease,R 50.00,R 50.00,"Iron bivalent, oral preparations",Ferrous Sulfate,Ferrous Sulphate                                              75mg
Chronic renal disease,R 535.00,R 535.00,"Iron, parenteral preparations","Iron, parenteral preparations",Cosmofer ampoule 2ml                           50mg/1ml
Chronic renal disease,R 535.00,R 535.00,"Iron, parenteral preparations","Iron, parenteral preparations",Equifer ampoule 5ml                              100mg/5ml
Chronic renal disease,R 535.00,R 535.00,"Iron, parenteral preparations","Iron, parenteral preparations",Innofer ampoule 5ml                             100mg/5ml
Chronic renal disease,R 535.00,R 535.00,"Iron, parenteral preparations","Iron, parenteral preparations",Rautevene ampoule 5ml                       100mg/5ml
Chronic renal disease,R 535.00,R 535.00,"Iron, parenteral preparations","Iron, parenteral preparations",(Not available on KeyCare plans)
Chronic renal disease,R3 340,R3 340,Other anti-anaemic preparations,Darbepoetin Alfa,Aranesp pre-filled syringe 0.4ml        10mcg/0.4ml
Chronic renal disease,R3 340,R3 340,Other anti-anaemic preparations,Darbepoetin Alfa,Aranesp pre-filled syringe 0.5ml        20mcg/0.5ml
Chronic renal disease,R3 340,R3 340,Other anti-anaemic preparations,Darbepoetin Alfa,Aranesp pre-filled syringe 0.3ml        30mcg/0.3ml
Chronic renal disease,R3 340,R3 340,Other anti-anaemic preparations,Darbepoetin Alfa,Aranesp pre-filled syringe 0.4ml        40mcg/0.4ml
Chronic renal disease,R3 340,R3 340,Other anti-anaemic preparations,Darbepoetin Alfa,Aranesp pre-filled syringe 0.5ml        50mcg/0.5ml
Chronic renal disease,R3 340,R3 340,Other anti-anaemic preparations,Darbepoetin Alfa,Aranesp pre-filled syringe 0.3ml        60mcg/0.3ml
Chronic renal disease,R3 340,R3 340,Other anti-anaemic preparations,Erythropoietin,Eprex pre-fill                                         2000U/0.5ml
Chronic renal disease,R3 340,R3 340,Other anti-anaemic preparations,Erythropoietin,Eprex pre-fill                                         4000U/0.4ml
Chronic renal disease,R3 340,R3 340,Other anti-anaemic preparations,Methoxy,Mircera pre-filled syringe 0.3ml         50mcg/0.3ml
Chronic renal disease,R3 340,R3 340,Other anti-anaemic preparations,polyethylene glycol-,(Not available on KeyCare plans)
Chronic renal disease,R3 340,R3 340,Other anti-anaemic preparations,epoetin beta,
Chronic renal disease,R3 340,R3 340,Other anti-anaemic preparations,epoetin beta,Mircera pre-filled syringe 0.3ml         75mcg/0.3ml
Chronic renal disease,R3 340,R3 340,Other anti-anaemic preparations,epoetin beta,(Not available on KeyCare plans)
Chronic renal disease,R3 340,R3 340,Other anti-anaemic preparations,epoetin beta,Mircera pre-filled syringe 0.3ml       100mcg/0.3ml
Chronic renal disease,R3 340,R3 340,Other anti-anaemic preparations,epoetin beta,(Not available on KeyCare plans)
Chronic renal disease,R3 340,R3 340,Other anti-anaemic preparations,epoetin beta,Mircera pre-filled syringe 0.3ml       120mcg/0.3ml
Chronic renal disease,R3 340,R3 340,Other anti-anaemic preparations,epoetin beta,(Not available on KeyCare plans)
Chronic renal disease,R3 340,R3 340,Other anti-anaemic preparations,epoetin beta,Mircera pre-filled syringe 0.3ml       150mcg/0.3ml
Chronic renal disease,R3 340,R3 340,Other anti-anaemic preparations,epoetin beta,(Not available on KeyCare plans)
Chronic renal disease,R3 340,R3 340,Other anti-anaemic preparations,epoetin beta,Mircera pre-filled syringe 0.3ml       200mcg/0.3ml
Chronic renal disease,,R3 340,Other anti-anaemic preparations,epoetin beta,(Not available on KeyCare plans)
Chronic renal disease,R3 340,R3 340,Other anti-anaemic preparations,Methoxy polyethylene glycol-epoetin beta,"Mircera pre-filled syringe 0.3ml       250mcg/0.3ml
(Not available on KeyCare plans)"
Chronic renal disease,R3 340,R3 340,Other anti-anaemic preparations,Roxadustat,Evrenzo           20mg; 50mg; 70mg; 100mg; 150mg
Chronic renal disease,R 365.00,R 365.00,Vitamin D and analogues,Alfacalcidol,Zodoray                                             0.25mcg; 1mcg
Diabetes mellitus Type 1,"***Please note that an overall monthly limit applies to Insulins across the different Insulin classes*** The overall monthly limit for KeyCare, Smart, Smart Saver, Priority, Core and Saver plans is R700.
The overall monthly limit for Executive and Comprehensive plans is R720.",,,,
Diabetes mellitus Type 1,R 395.00,R 400.00,Anti-diabetic agents: Fast-acting Insulins,Insulin Aspart,"Fiasp - penfill 3ml
(Not available on KeyCare plans)"
Diabetes mellitus Type 1,R 395.00,R 400.00,Anti-diabetic agents: Fast-acting Insulins,Insulin Aspart,"Novorapid - penfill 3ml
(Not available on KeyCare plans)"
Diabetes mellitus Type 1,R 395.00,R 400.00,Anti-diabetic agents: Fast-acting Insulins,Insulin Glulisine,Apidra - cartridge 3ml
Diabetes mellitus Type 1,R 700.00,R 720.00,Anti-diabetic agents: Intermediate-acting or long-acting combined with fast-acting Insulins (Biphasic),Insulin Degludec and Insulin Aspart,"Ryzodeg - penfill 3ml
(Only Executive and Comprehensive plans)"
Diabetes mellitus Type 1,R 700.00,R 720.00,Anti-diabetic agents: Intermediate-acting or long-acting combined with fast-acting Insulins (Biphasic),Insulin Human,Humulin 30/70 cartridge 3ml
Diabetes mellitus Type 1,R 700.00,R 720.00,Anti-diabetic agents: Intermediate-acting or long-acting combined with fast-acting Insulins (Biphasic),Insulin Lispro,Humalog mix 25 - cartridge 3ml
Diabetes mellitus Type 1,R 700.00,R 720.00,Anti-diabetic agents: Intermediate-acting or long-acting combined with fast-acting Insulins (Biphasic),,Humalog mix 50 - cartridge 3ml
Diabetes mellitus Type 1,R 440.00,R 440.00,Anti-diabetic agents: Long-acting Insulins,Insulin Detemir,Levemir - pre-filled cartridge 3ml
Diabetes mellitus Type 1,R 440.00,R 440.00,Anti-diabetic agents: Long-acting Insulins,Insulin Glargine,Optisulin - cartridge 3ml
Diabetes mellitus Type 1,R 30.00,R 35.00,Aspirin: Cardiovascular,Acetylsalicylic acid,Aspirin 100 Clicks                                           100mg
Diabetes mellitus Type 1,R 30.00,R 35.00,Aspirin: Cardiovascular,Acetylsalicylic acid,Coprin                                                             100mg
Diabetes mellitus Type 1,R 30.00,R 35.00,Aspirin: Cardiovascular,Acetylsalicylic acid,"Myoprin                                                          100mg
(Only Executive and Comprehensive plans)"
Diabetes mellitus Type 1,R 30.00,R 35.00,Aspirin: Cardiovascular,Acetylsalicylic acid,Trinprin                                                           100mg
Diabetes mellitus Type 1,R 200.00,R 200.00,Blood glucose monitoring agents,Glucose strips,"Accu check test strip glucose active
(Not available on KeyCare plans)"
Diabetes mellitus Type 1,R 200.00,R 200.00,Blood glucose monitoring agents,Glucose strips,"Accu check test strip glucose instant
(Not available on KeyCare plans)"
Diabetes mellitus Type 1,R 200.00,R 200.00,Blood glucose monitoring agents,Glucose strips,"Contour plus blood glucose test strips
(Not available on KeyCare plans)"
Diabetes mellitus Type 1,R 200.00,R 200.00,Blood glucose monitoring agents,Glucose strips,"Contour ts blood glucose test strips
(Not available on KeyCare plans)"
Diabetes mellitus Type 1,R 200.00,R 200.00,Blood glucose monitoring agents,Glucose strips,"Glucocheck evolve test strip
(Only Executive and Comprehensive plans)"
Diabetes mellitus Type 1,R 200.00,R 200.00,Blood glucose monitoring agents,Glucose strips,Glucocheck key test strip
Diabetes mellitus Type 1,R 200.00,R 200.00,Blood glucose monitoring agents,Glucose strips,On call plus blood glucose strips
Diabetes mellitus Type 1,R 200.00,R 200.00,Blood glucose monitoring agents,Glucose strips,On call sure blood glucose test strips
Diabetes mellitus Type 1,R 200.00,R 200.00,Blood glucose monitoring agents,Glucose strips,Onetouch select plus test strips
Diabetes mellitus Type 1,R 200.00,R 200.00,Blood glucose monitoring agents,Glucose strips,Test strip blood glucose clicks bionime gs550
Diabetes mellitus Type 1,R 200.00,R 200.00,Blood glucose monitoring agents,Glucose strips,"Test strip freestyle optium glucose
(Not available on KeyCare plans)"
Diabetes mellitus Type 1,R 200.00,R 200.00,Blood glucose monitoring agents,Glucose strips,"Test strip glucocheck connekt
(Only Executive and Comprehensive plans)"
Diabetes mellitus Type 1,R 200.00,R 200.00,Blood glucose monitoring agents,Glucose strips,"Test strip glucose blood fora 6
(Not available on KeyCare plans)"
Diabetes mellitus Type 1,R 200.00,R 200.00,Blood glucose monitoring agents,Glucose strips,Test strip glucose caresens n 29g
Diabetes mellitus Type 1,R 200.00,R 200.00,Blood glucose monitoring agents,Glucose strips,Test strip glucose fora diamond blood
Diabetes mellitus Type 1,R 200.00,R 200.00,Blood glucose monitoring agents,Glucose strips,Test strip glucose vivachek ino
Diabetes mellitus Type 1,R 350.00,R 350.00,Surgical item,Lancets,Lancet blood collection needle loris
Diabetes mellitus Type 1,R 350.00,R 350.00,Surgical item,Lancets,Lancet fora collection needle sterile 30g
Diabetes mellitus Type 1,R 350.00,R 350.00,Surgical item,Lancets,Lancet fora tender needle sterile 33g
Diabetes mellitus Type 1,R 350.00,R 350.00,Surgical item,Lancets,Lancet freestyle test
Diabetes mellitus Type 1,R 350.00,R 350.00,Surgical item,Lancets,Lancet glucocheck novicheck
Diabetes mellitus Type 1,R 350.00,R 350.00,Surgical item,Lancets,Lancet solus v2
Diabetes mellitus Type 1,R 350.00,R 350.00,Surgical item,Lancets,Lancet unilet sterile 28g
Diabetes mellitus Type 1,R 350.00,R 350.00,Surgical item,Lancets,Lancet unilet sterile 4cm x 6cm x 7.5cm 28g
Diabetes mellitus Type 1,R 350.00,R 350.00,Surgical item,Lancets,Microlet lancet
Diabetes mellitus Type 1,R 350.00,R 350.00,Surgical item,Needles,BD micro fine plus pen needle 30g 8mm
Diabetes mellitus Type 1,R 350.00,R 350.00,Surgical item,Needles,BD micro fine plus pen needle 31g
Diabetes mellitus Type 1,R 350.00,R 350.00,Surgical item,Needles,BD micro fine plus pen needle 32g 4mm
Diabetes mellitus Type 1,R 350.00,R 350.00,Surgical item,Needles,Droplet pen needle 8mm 31g
Diabetes mellitus Type 1,R 350.00,R 350.00,Surgical item,Needles,Needle insulin fora pen 31g 5mm
Diabetes mellitus Type 1,R 350.00,R 350.00,Surgical item,Needles,Needle insulin fora pen 31g 8mm
Diabetes mellitus Type 1,R 350.00,R 350.00,Surgical item,Needles,Needle insulin fora pen 32g 4mm
Diabetes mellitus Type 1,R 350.00,R 350.00,Surgical item,Needles,Needle insulin fora pen 32g 6mm
Diabetes mellitus Type 1,R 350.00,R 350.00,Surgical item,Needles,Needle insulin pen verifine 4mmx10cmx15cm 32g
Diabetes mellitus Type 1,R 350.00,R 350.00,Surgical item,Needles,Needle insulin pen verifine 4mmx10cmx15cm 33g
Diabetes mellitus Type 1,R 350.00,R 350.00,Surgical item,Needles,Needle novofine
Diabetes mellitus Type 1,R 350.00,R 350.00,Surgical item,Syringes,Syringe insulin 1.0ml with 27g needle
Diabetes mellitus Type 1,R 350.00,R 350.00,Surgical item,Syringes,Syringe insulin bd microfine 12.7mm 1ml 9g
Diabetes mellitus Type 1,R 350.00,R 350.00,Surgical item,Syringes,Syringe insulin bd microfine 1ml 8mm 30g
Diabetes mellitus Type 1,R 350.00,R 350.00,Surgical item,Syringes,Syringe insulin bd microfine 8mm demi 0.3ml 30g
Diabetes mellitus Type 2,R 50.00,R 50.00,Anti-diabetic agents: Biguanides,Metformin,Accord Metformin                            500mg; 850mg
Diabetes mellitus Type 2,R 50.00,R 50.00,Anti-diabetic agents: Biguanides,Metformin,Apex-Metformin                                             500mg
Diabetes mellitus Type 2,R 50.00,R 50.00,Anti-diabetic agents: Biguanides,Metformin,Bigsens                               500mg; 850mg; 1000mg
Diabetes mellitus Type 2,R 50.00,R 50.00,Anti-diabetic agents: Biguanides,Metformin,Diamin                                               500mg; 850mg
Diabetes mellitus Type 2,R 50.00,R 50.00,Anti-diabetic agents: Biguanides,Metformin,Diaphage                           500mg; 850mg; 1000mg
Diabetes mellitus Type 2,R 50.00,R 50.00,Anti-diabetic agents: Biguanides,Metformin,Fortese                                                          1000mg
Diabetes mellitus Type 2,R 50.00,R 50.00,Anti-diabetic agents: Biguanides,Metformin,Gluconorm                                        500mg; 850mg
Diabetes mellitus Type 2,R 50.00,R 50.00,Anti-diabetic agents: Biguanides,Metformin,Mylan Metformin              500mg; 850mg; 1000mg
Diabetes mellitus Type 2,R 50.00,R 50.00,Anti-diabetic agents: Biguanides,Metformin,Romidab                            500mg; 850mg; 1000mg
Diabetes mellitus Type 2,"***Please note that an overall monthly limit applies to Insulins across the different Insulin classes*** The overall monthly limit for KeyCare, Smart, Smart Saver, Priority, Core and Saver plans is R700.
The overall monthly limit for Executive and Comprehensive plans is R720.",,,,
Diabetes mellitus Type 2,R 395.00,R 400.00,Anti-diabetic agents: Fast-acting Insulins,Insulin Aspart,"Fiasp - penfill 3ml
(Only Executive and Comprehensive plans)"
Diabetes mellitus Type 2,R 395.00,R 400.00,Anti-diabetic agents: Fast-acting Insulins,Insulin Aspart,"Novorapid - penfill 3ml
(Not available on KeyCare plans)"
Diabetes mellitus Type 2,R 395.00,R 400.00,Anti-diabetic agents: Fast-acting Insulins,Insulin Glulisine,Apidra - cartridge 3ml
Diabetes mellitus Type 2,R 395.00,R 400.00,Anti-diabetic agents: Fast-acting Insulins,Insulin Glulisine,
Diabetes mellitus Type 2,R 700.00,R 720.00,Anti-diabetic agents: Intermediate-acting or long-acting combined with fast-acting Insulins (Biphasic),Insulin Degludec and Insulin Aspart,"Ryzodeg - penfill 3ml
(Only Executive and Comprehensive plans)"
Diabetes mellitus Type 2,R 700.00,R 720.00,Anti-diabetic agents: Intermediate-acting or long-acting combined with fast-acting Insulins (Biphasic),Insulin Human,Humulin 30/70 cartridge 3ml
Diabetes mellitus Type 2,R 700.00,R 720.00,Anti-diabetic agents: Intermediate-acting or long-acting combined with fast-acting Insulins (Biphasic),Insulin Lispro,Humalog mix 25 - cartridge 3ml
Diabetes mellitus Type 2,R 700.00,R 720.00,Anti-diabetic agents: Intermediate-acting or long-acting combined with fast-acting Insulins (Biphasic),,Humalog mix 50 - cartridge 3ml
Diabetes mellitus Type 2,R 440.00,R 440.00,Anti-diabetic agents: Long-acting Insulins,Insulin Detemir,Levemir - pre-filled cartridge 3ml
Diabetes mellitus Type 2,R 440.00,R 440.00,Anti-diabetic agents: Long-acting Insulins,Insulin Glargine,Optisulin - cartridge 3ml
Diabetes mellitus Type 2,R 125.00,R 125.00,"Anti-diabetic agents: Sulfonamides, urea derivatives",Gliclazide,Dynacaz MR                               30mg; 60mg; 90mg
Diabetes mellitus Type 2,R 125.00,R 125.00,"Anti-diabetic agents: Sulfonamides, urea derivatives",,Gliclazide MR Austell                                       60mg
Diabetes mellitus Type 2,R 125.00,R 125.00,"Anti-diabetic agents: Sulfonamides, urea derivatives",,Gliclazide Unicorn MR                                     30mg
Diabetes mellitus Type 2,R 125.00,R 125.00,"Anti-diabetic agents: Sulfonamides, urea derivatives",,Gluctam MR                                                      60mg
Diabetes mellitus Type 2,R 125.00,R 125.00,"Anti-diabetic agents: Sulfonamides, urea derivatives",,Glyzid MR                                               30mg; 60mg
Diabetes mellitus Type 2,R 200.00,R 215.00,Anti-diabetic agents: Thiazolidinediones,Pioglitazone,Cipla-Pioglitazone                                 15mg; 30mg
Diabetes mellitus Type 2,R 200.00,R 215.00,Anti-diabetic agents: Thiazolidinediones,,Pioglitazone hydrochloride Macleods 15mg; 30mg
Diabetes mellitus Type 2,R 30.00,R 35.00,Aspirin: Cardiovascular,Acetylsalicylic acid,Aspirin 100 Clicks                                           100mg
Diabetes mellitus Type 2,R 30.00,R 35.00,Aspirin: Cardiovascular,Acetylsalicylic acid,Coprin                                                             100mg
Diabetes mellitus Type 2,R 30.00,R 35.00,Aspirin: Cardiovascular,Acetylsalicylic acid,"Myoprin                                                          100mg
(Only Executive and Comprehensive plans)"
Diabetes mellitus Type 2,R 30.00,R 35.00,Aspirin: Cardiovascular,Acetylsalicylic acid,Trinprin                                                           100mg
Diabetes mellitus Type 2,R 200.00,R 200.00,Blood glucose monitoring agents,Glucose strips,"Accu check test strip glucose active
(Not available on KeyCare plans)"
Diabetes mellitus Type 2,R 200.00,R 200.00,Blood glucose monitoring agents,Glucose strips,"Accu check test strip glucose instant
(Not available on KeyCare plans)"
Diabetes mellitus Type 2,R 200.00,R 200.00,Blood glucose monitoring agents,Glucose strips,"Contour plus blood glucose test strips
(Not available on KeyCare plans)"
Diabetes mellitus Type 2,R 200.00,R 200.00,Blood glucose monitoring agents,Glucose strips,"Contour ts blood glucose test strips
(Not available on KeyCare plans)"
Diabetes mellitus Type 2,R 200.00,R 200.00,Blood glucose monitoring agents,Glucose strips,"Glucocheck evolve test strip
(Only Executive and Comprehensive plans)"
Diabetes mellitus Type 2,R 200.00,R 200.00,Blood glucose monitoring agents,Glucose strips,Glucocheck key test strip
Diabetes mellitus Type 2,R 200.00,R 200.00,Blood glucose monitoring agents,Glucose strips,On call plus blood glucose strips
Diabetes mellitus Type 2,R 200.00,R 200.00,Blood glucose monitoring agents,Glucose strips,On call sure blood glucose test strips
Diabetes mellitus Type 2,R 200.00,R 200.00,Blood glucose monitoring agents,Glucose strips,Onetouch select plus test strips
Diabetes mellitus Type 2,R 200.00,R 200.00,Blood glucose monitoring agents,Glucose strips,Test strip blood glucose clicks bionime gs550
Diabetes mellitus Type 2,R 200.00,R 200.00,Blood glucose monitoring agents,Glucose strips,"Test strip freestyle optium glucose
(Not available on KeyCare plans)"
Diabetes mellitus Type 2,R 200.00,R 200.00,Blood glucose monitoring agents,Glucose strips,"Test strip glucocheck connekt
(Only Executive and Comprehensive plans)"
Diabetes mellitus Type 2,R 200.00,R 200.00,Blood glucose monitoring agents,Glucose strips,"Test strip glucose blood fora 6
(Not available on KeyCare plans)"
Diabetes mellitus Type 2,R 200.00,R 200.00,Blood glucose monitoring agents,Glucose strips,Test strip glucose caresens n 29g
Diabetes mellitus Type 2,R 200.00,R 200.00,Blood glucose monitoring agents,Glucose strips,Test strip glucose fora diamond blood
Diabetes mellitus Type 2,R 200.00,R 200.00,Blood glucose monitoring agents,Glucose strips,Test strip glucose vivachek ino
Diabetes mellitus Type 2,R 350.00,R 350.00,Surgical item,Lancets,Lancet blood collection needle loris
Diabetes mellitus Type 2,R 350.00,R 350.00,Surgical item,Lancets,Lancet fora collection needle sterile 30g
Diabetes mellitus Type 2,R 350.00,R 350.00,Surgical item,Lancets,Lancet fora tender needle sterile 33g
Diabetes mellitus Type 2,R 350.00,R 350.00,Surgical item,Lancets,Lancet freestyle test
Diabetes mellitus Type 2,R 350.00,R 350.00,Surgical item,Lancets,Lancet glucocheck novicheck
Diabetes mellitus Type 2,R 350.00,R 350.00,Surgical item,Lancets,Lancet solus v2
Diabetes mellitus Type 2,R 350.00,R 350.00,Surgical item,Lancets,Lancet unilet sterile 28g
Diabetes mellitus Type 2,R 350.00,R 350.00,Surgical item,Lancets,Lancet unilet sterile 4cm x 6cm x 7.5cm 28g
Diabetes mellitus Type 2,R 350.00,R 350.00,Surgical item,Lancets,Microlet lancet
Diabetes mellitus Type 2,R 350.00,R 350.00,Surgical item,Needles,BD micro fine plus pen needle 30g 8mm
Diabetes mellitus Type 2,R 350.00,R 350.00,Surgical item,Needles,BD micro fine plus pen needle 31g
Diabetes mellitus Type 2,R 350.00,R 350.00,Surgical item,Needles,BD micro fine plus pen needle 32g 4mm
Diabetes mellitus Type 2,R 350.00,R 350.00,Surgical item,Needles,Droplet pen needle 8mm 31g
Diabetes mellitus Type 2,R 350.00,R 350.00,Surgical item,Needles,Needle insulin fora pen 31g 5mm
Diabetes mellitus Type 2,R 350.00,R 350.00,Surgical item,Needles,Needle insulin fora pen 31g 8mm
Diabetes mellitus Type 2,R 350.00,R 350.00,Surgical item,Needles,Needle insulin fora pen 32g 4mm
Diabetes mellitus Type 2,R 350.00,R 350.00,Surgical item,Needles,Needle insulin fora pen 32g 6mm
Diabetes mellitus Type 2,R 350.00,R 350.00,Surgical item,Needles,Needle insulin pen verifine 4mmx10cmx15cm 32g
Diabetes mellitus Type 2,R 350.00,R 350.00,Surgical item,Needles,Needle insulin pen verifine 4mmx10cmx15cm 33g
Diabetes mellitus Type 2,R 350.00,R 350.00,Surgical item,Needles,Needle novofine
Diabetes mellitus Type 2,R 350.00,R 350.00,Surgical item,Syringes,Syringe insulin 1.0ml with 27g needle
Diabetes mellitus Type 2,R 350.00,R 350.00,Surgical item,Syringes,Syringe insulin bd microfine 12.7mm 1ml 9g
Diabetes mellitus Type 2,R 350.00,R 350.00,Surgical item,Syringes,Syringe insulin bd microfine 1ml 8mm 30g
Diabetes mellitus Type 2,R 350.00,R 350.00,Surgical item,Syringes,Syringe insulin bd microfine 8mm demi 0.3ml 30g
Epilepsy,R 30.00,R 30.00,Anti-epileptics: Barbiturates and derivatives,Phenobarbital,Sedabarb                                                          30mg
Epilepsy,R 300.00,R 300.00,Anti-epileptics: Benzodiazepine derivatives,Clonazepam,Clonam                                                   0.5mg; 2mg
Epilepsy,R 290.00,R 385.00,Anti-epileptics: Carboxamide derivatives,Carbamazepine,Degranol                                                         200mg
Epilepsy,R 290.00,R 385.00,Anti-epileptics: Carboxamide derivatives,Carbamazepine,Partid                                                               200mg
Epilepsy,R 290.00,R 385.00,Anti-epileptics: Carboxamide derivatives,Carbamazepine,Tegretol CR                                       200mg; 400mg
Epilepsy,R 290.00,R 385.00,Anti-epileptics: Carboxamide derivatives,Carbamazepine,Zeptol                                                              200mg
Epilepsy,R 430.00,R 430.00,"Anti-epileptics:
Fatty acid derivatives",Valproic acid,Convulex                                           150mg; 300mg
Epilepsy,R 430.00,R 430.00,"Anti-epileptics:
Fatty acid derivatives",Valproic acid,Convulex syrup                                      250mg/5ml
Epilepsy,R 430.00,R 430.00,"Anti-epileptics:
Fatty acid derivatives",Valproic acid,Epilim crushable                                             100mg
Epilepsy,R 430.00,R 430.00,"Anti-epileptics:
Fatty acid derivatives",Valproic acid,Eprolep CR                           200mg; 300mg; 500mg
Epilepsy,R 430.00,R 430.00,"Anti-epileptics:
Fatty acid derivatives",Valproic acid,Navalpro CR                        200mg; 300mg; 500mg
Epilepsy,R 430.00,R 430.00,"Anti-epileptics:
Fatty acid derivatives",Valproic acid,Navalpro liquid                                       200mg/5ml
Epilepsy,R 430.00,R 430.00,"Anti-epileptics:
Fatty acid derivatives",Valproic acid,Rubilim CR                           200mg; 300mg; 500mg
Epilepsy,R 430.00,R 430.00,"Anti-epileptics:
Fatty acid derivatives",Valproic acid,Valeptic CR                                        300mg; 500mg
Epilepsy,R 130.00,R 130.00,Anti-epileptics: Hydantoin derivatives,Phenytoin,Phenytoin sod                                                100mg
Epilepsy,R 325.00,R 325.00,Anti-epileptics: Other agents,Lamotrigine,Epitec                          25mg; 50mg; 100mg; 200mg
Epilepsy,R 325.00,R 325.00,Anti-epileptics: Other agents,Lamotrigine,Lamilepsy                    25mg; 50mg; 100mg; 200mg
Epilepsy,R 325.00,R 325.00,Anti-epileptics: Other agents,Lamotrigine,Lamorola                     25mg; 50mg; 100mg; 200mg
Epilepsy,R 325.00,R 325.00,Anti-epileptics: Other agents,Lamotrigine,"Lamotrigine Unichem
25mg; 50mg; 100mg; 200mg"
Epilepsy,R 325.00,R 325.00,Anti-epileptics: Other agents,Lamotrigine,Serinem                      25mg; 50mg; 100mg; 200mg
Epilepsy,R 325.00,R 325.00,Anti-epileptics: Other agents,Levetiracetam,Epikepp                                250mg; 500mg; 750mg
Epilepsy,R 325.00,R 325.00,Anti-epileptics: Other agents,Levetiracetam,Levetiracetam Unicorn                    250mg; 750mg
Epilepsy,R 325.00,R 325.00,Anti-epileptics: Other agents,Levetiracetam,Rassetom                             250mg; 500mg; 750mg
Epilepsy,R 325.00,R 325.00,Anti-epileptics: Other agents,Topiramate,Epimate                                   25mg; 50mg; 100mg
Epilepsy,R 325.00,R 325.00,Anti-epileptics: Other agents,Topiramate,Epitoz                                       25mg; 50mg; 100mg
Epilepsy,R 325.00,R 325.00,Anti-epileptics: Other agents,Topiramate,Topiramate Unicorn                25mg; 50mg; 100mg
Epilepsy,R 325.00,R 325.00,Anti-epileptics: Other agents,Topiramate,Toplep                                   50mg; 100mg; 200mg
Epilepsy,R 10.00,R 10.00,Folic acid and derivatives,Folic acid,Be-Tabs Folic acid                                               5mg
Epilepsy,R 10.00,R 10.00,Folic acid and derivatives,Folic acid,Gulf Folic acid                                                     5mg
Haemophilia,R 5.00,R 5.00,Analgesics: Paracetamol,Paracetamol,Adco-Napamol bucket                                   500mg
Haemophilia,R 5.00,R 5.00,Analgesics: Paracetamol,Paracetamol,Adco-Prolief                                                    500mg
Haemophilia,R 440.00,R 440.00,Anti-fibrinolytics: Amino acids,Tranexamic acid,Emkapron                                                       500mg
Haemophilia,R 440.00,R 440.00,Anti-fibrinolytics: Amino acids,Tranexamic acid,Fibtin                                                               500mg
Haemophilia,R50 000,R50 000,Blood coagulation factors,Coagulation factor VIII,Haemosolvate VIII                     300U; 500U; 1000U
Haemophilia,R50 000,R50 000,Blood coagulation factors,Coagulation factor VIII,Octanate vial 5ml                                              250U
Haemophilia,R50 000,R50 000,Blood coagulation factors,Coagulation factor VIII,Octanate vial 10ml                               500U; 1000U
Haemophilia,R50 000,R50 000,Blood coagulation factors,Coagulation factor IX,Haemosolvex IX                                                 500U
Haemophilia,R50 000,R50 000,Blood coagulation factors,Coagulation factor IX,Octanine F vial 30ml                            500U; 1000U
Haemophilia,R1 500,R1 750,Posterior pituitary hormones: Vasopressin and analogues,Desmopressin,Ddavp nasal spray 5ml                            0.1mg/1ml
Haemophilia,R1 500,R1 750,Posterior pituitary hormones: Vasopressin and analogues,,Minirin melt                      60mcg; 120mcg; 240mcg
Hyperlipidaemia,R 190.00,R 190.00,Lipid modifying agents: Combinations,"Atorvastatin, Amlodipine and Perindopril","Triveram *          10/5/5mg; 20/5/5mg; 20/10/5mg; 20/10/10mg; 40/10/10mg
(Not available on KeyCare plans)"
Hyperlipidaemia,R 335.00,R 335.00,Lipid modifying agents: Combinations,Pravastatin and Fenofibrate,Pravafen                                                    40/160mg
Hyperlipidaemia,R 275.00,R 275.00,Lipid modifying agents: Fibrates,Bezafibrate,Bezalip Retard                                                400mg
Hyperlipidaemia,R 275.00,R 275.00,Lipid modifying agents: Fibrates,Bezafibrate,Sandoz Bezafibrate                                        400mg
Hyperlipidaemia,R 45.00,R 45.00,Lipid modifying agents: Statins,Atorvastatin,Alipto                                          10mg; 20mg; 40mg
Hyperlipidaemia,R 45.00,R 45.00,Lipid modifying agents: Statins,Atorvastatin,Aspavor                                      10mg; 20mg; 40mg
Hyperlipidaemia,R 45.00,R 45.00,Lipid modifying agents: Statins,Atorvastatin,Dezzolip                                     10mg; 20mg; 40mg
Hyperlipidaemia,R 45.00,R 45.00,Lipid modifying agents: Statins,Atorvastatin,Lipogen                           10mg; 20mg; 40mg; 80mg
Hyperlipidaemia,R 45.00,R 45.00,Lipid modifying agents: Statins,Atorvastatin,Vasmak                           10mg; 20mg; 40mg; 80mg
Hyperlipidaemia,R 45.00,R 45.00,Lipid modifying agents: Statins,Simvastatin,Adco-Simvastatin                      10mg; 20mg; 40mg
Hyperlipidaemia,R 45.00,R 45.00,Lipid modifying agents: Statins,Simvastatin,Austell-Simvastatin                    10mg; 20mg; 40mg
Hyperlipidaemia,R 45.00,R 45.00,Lipid modifying agents: Statins,Simvastatin,Choleste                                     10mg; 20mg; 40mg
Hyperlipidaemia,R 45.00,R 45.00,Lipid modifying agents: Statins,Simvastatin,Cipla-Simvastatin                      10mg; 20mg; 40mg
Hyperlipidaemia,R 45.00,R 45.00,Lipid modifying agents: Statins,Simvastatin,Lipidex                                                  10mg; 20mg
Hyperlipidaemia,R 45.00,R 45.00,Lipid modifying agents: Statins,Simvastatin,Roltesim                                     10mg; 20mg; 40mg
Hypertension,R 125.00,R 125.00,ACE inhibitors and calcium channel blockers,Perindopril and Amlodipine,Amlessa                 4/5mg; 4/10mg; 8/5mg; 8/10mg
Hypertension,R 125.00,R 125.00,ACE inhibitors and calcium channel blockers,Perindopril and Amlodipine,Mixanval            5/5mg; 10/5mg; 5/10mg; 10/10mg
Hypertension,R 125.00,R 125.00,ACE inhibitors and calcium channel blockers,Perindopril and Amlodipine,Pearloc                   4/5mg; 4/10mg; 8/5mg; 8/10mg
Hypertension,R 125.00,R 125.00,ACE inhibitors and calcium channel blockers,Perindopril and Amlodipine,Teprilam            5/5mg; 10/5mg; 5/10mg; 10/10mg
Hypertension,R 80.00,R 90.00,ACE inhibitors and diuretics,Enalapril and diuretics,Acenten                                                    20/12.5mg
Hypertension,R 80.00,R 90.00,ACE inhibitors and diuretics,Enalapril and diuretics,Enpresil co
Hypertension,R 80.00,R 90.00,ACE inhibitors and diuretics,Perindopril and diuretics,"Ciplasyl Plus                                               4/1.25mg
(Not available on KeyCare plans)"
Hypertension,R 80.00,R 90.00,ACE inhibitors and diuretics,Perindopril and diuretics,"Pearinda Plus                             4/1.25mg; 8/2.5mg
(Not available on KeyCare plans)"
Hypertension,R 80.00,R 90.00,ACE inhibitors and diuretics,Perindopril and diuretics,"Perdotor Plus                                             4/1.25mg
(Not available on KeyCare plans)"
Hypertension,R 80.00,R 90.00,ACE inhibitors and diuretics,Perindopril and diuretics,"Perindopril co Unicorn                              4/1.25mg
(Not available on KeyCare plans)"
Hypertension,R 80.00,R 90.00,ACE inhibitors and diuretics,Perindopril and diuretics,"Prexum 10 Plus                                          10/2.5mg
(Only Executive and Comprehensive plans)"
Hypertension,R 80.00,R 90.00,ACE inhibitors and diuretics,Perindopril and diuretics,Trexeva Plus                                               5/1.25mg
Hypertension,R 170.00,R 180.00,"ACE inhibitors, other combinations","Perindopril, Amlodipine and Indapamide","Triplixam *                     5/1.25/5mg; 5/1.25/10mg; 10/2.5/5mg; 10/2.5/10mg
(Not available on KeyCare plans)"
Hypertension,R 170.00,R 180.00,"ACE inhibitors, other combinations",Perindopril and Bisoprolol,"Cosyrel *           5/5mg; 10/5mg; 5/10mg; 10/10mg
(Not available on KeyCare plans)"
Hypertension,R 65.00,R 75.00,ACE inhibitors: Plain,Captopril,Mylan Captopril                                    25mg; 50mg
Hypertension,R 65.00,R 75.00,ACE inhibitors: Plain,Enalapril,Enalapril Arya                               5mg; 10mg; 20mg
Hypertension,R 65.00,R 75.00,ACE inhibitors: Plain,Enalapril,Hypace                                                               5mg
Hypertension,R 65.00,R 75.00,ACE inhibitors: Plain,Enalapril,Natrapress                                            10mg; 20mg
Hypertension,R 65.00,R 75.00,ACE inhibitors: Plain,Enalapril,Tenezil                                                   10mg; 20mg
Hypertension,R 65.00,R 75.00,ACE inhibitors: Plain,Lisinopril,Adco-Zetomax                             5mg; 10mg; 20mg
Hypertension,R 65.00,R 75.00,ACE inhibitors: Plain,Perindopril,"Pearinda                                                    4mg; 8mg
(Not available on KeyCare plans)"
Hypertension,R 65.00,R 75.00,ACE inhibitors: Plain,Perindopril,"Perdotor                                                    4mg; 8mg
(Not available on KeyCare plans)"
Hypertension,R 65.00,R 75.00,ACE inhibitors: Plain,Perindopril,"Perindopril Unicorn                                   4mg; 8mg
(Not available on KeyCare plans)"
Hypertension,R 65.00,R 75.00,ACE inhibitors: Plain,Perindopril,"Ran-Perindopril                                                  4mg
(Not available on KeyCare plans)"
Hypertension,R 65.00,R 75.00,ACE inhibitors: Plain,Perindopril,Reprex                                                       4mg; 8mg
Hypertension,R 220.00,R 220.00,Alpha and Beta blocking agents,Carvedilol,Carloc                                   6.25mg; 12.5mg; 25mg
Hypertension,R 220.00,R 220.00,Alpha and Beta blocking agents,Carvedilol,Carvedilol Unicorn               6.25mg; 12.5mg; 25mg
Hypertension,R 220.00,R 220.00,Alpha and Beta blocking agents,Carvedilol,Rubitrend                             6.25mg; 12.5mg; 25mg
Hypertension,R 155.00,R 190.00,Angiotensin II antagonists and calcium channel blockers,Telmisartan and Amlodipine,"Amtelip         40/5mg; 40/10mg; 80/5mg; 80/10mg
(Not available on KeyCare plans)"
Hypertension,R 155.00,R 190.00,Angiotensin II antagonists and calcium channel blockers,,"Kardotel        40/5mg; 40/10mg; 80/5mg; 80/10mg
(Not available on KeyCare plans)"
Hypertension,R 155.00,R 190.00,Angiotensin II antagonists and calcium channel blockers,,"Mizart Plus    40/5mg; 40/10mg; 80/5mg; 80/10mg
(Not available on KeyCare plans)"
Hypertension,R 155.00,R 190.00,Angiotensin II antagonists and calcium channel blockers,,"Tecarini         40/5mg; 40/10mg; 80/5mg; 80/10mg
(Not available on KeyCare plans)"
Hypertension,R 155.00,R 190.00,Angiotensin II antagonists and calcium channel blockers,,"Tesamolot     40/5mg; 40/10mg; 80/5mg; 80/10mg
(Not available on KeyCare plans)"
Hypertension,R 155.00,R 190.00,Angiotensin II antagonists and calcium channel blockers,Valsartan and Amlodipine,"Tesdyn          40/5mg; 40/10mg; 80/5mg; 80/10mg
(Not available on KeyCare plans)"
Hypertension,R 155.00,R 190.00,Angiotensin II antagonists and calcium channel blockers,,"Arlozyb                                     5/160mg; 10/160mg
(Not available on KeyCare plans)"
Hypertension,R 155.00,R 190.00,Angiotensin II antagonists and calcium channel blockers,,"Calsar                         5/80mg; 5/160mg; 10/160mg
(Not available on KeyCare plans)"
Hypertension,R 155.00,R 190.00,Angiotensin II antagonists and calcium channel blockers,,"Dafiro                                       5/160mg; 10/160mg
(Not available on KeyCare plans)"
Hypertension,R 155.00,R 190.00,Angiotensin II antagonists and calcium channel blockers,,"Duoforce                                   5/160mg; 10/160mg
(Not available on KeyCare plans)"
Hypertension,R 155.00,R 190.00,Angiotensin II antagonists and calcium channel blockers,,"Forgevasc                                  5/160mg; 10/160mg
(Not available on KeyCare plans)"
Hypertension,R 155.00,R 190.00,Angiotensin II antagonists and calcium channel blockers,,"Gemvalaz                                  5/160mg; 10/160mg
(Not available on KeyCare plans)"
Hypertension,R 155.00,R 190.00,Angiotensin II antagonists and calcium channel blockers,,"Tensoforj                                   5/160mg; 10/160mg
(Not available on KeyCare plans)"
Hypertension,R 155.00,R 190.00,Angiotensin II antagonists and calcium channel blockers,,"Valduo                                      5/160mg; 10/160mg
(Only Executive and Comprehensive plans)"
Hypertension,R 155.00,R 190.00,Angiotensin II antagonists and calcium channel blockers,,"Valvasc                                     5/160mg; 10/160mg
(Not available on KeyCare plans)"
Hypertension,R 155.00,R 190.00,Angiotensin II antagonists and calcium channel blockers,,"Zyvasc                                       5/160mg; 10/160mg
(Not available on KeyCare plans)"
Hypertension,R 90.00,R 100.00,Angiotensin II antagonists: Combinations,Losartan and diuretics,Annin co
Hypertension,R 90.00,R 100.00,Angiotensin II antagonists: Combinations,Losartan and diuretics,Austell Losartan co
Hypertension,R 90.00,R 100.00,Angiotensin II antagonists: Combinations,Losartan and diuretics,Co-Normoten
Hypertension,R 90.00,R 100.00,Angiotensin II antagonists: Combinations,Losartan and diuretics,Hylokat
Hypertension,R 90.00,R 100.00,Angiotensin II antagonists: Combinations,Losartan and diuretics,Losaar Plus
Hypertension,R 90.00,R 100.00,Angiotensin II antagonists: Combinations,Losartan and diuretics,Zaario Plus
Hypertension,R 90.00,R 100.00,Angiotensin II antagonists: Combinations,Losartan and diuretics,Zartan co
Hypertension,R 90.00,R 100.00,Angiotensin II antagonists: Combinations,Telmisartan and diuretics,"Co-Telza                                40/12.5mg; 80/12.5mg
(Not available on KeyCare plans)"
Hypertension,R 90.00,R 100.00,Angiotensin II antagonists: Combinations,Telmisartan and diuretics,"Telpres Plus                          40/12.5mg; 80/12.5mg
(Not available on KeyCare plans)"
Hypertension,R 90.00,R 100.00,Angiotensin II antagonists: Combinations,Telmisartan and diuretics,"Tesar co                                40/12.5mg; 80/12.5mg
(Not available on KeyCare plans)"
Hypertension,R 90.00,R 100.00,Angiotensin II antagonists: Combinations,Telmisartan and diuretics,"Ticarda Plus                          40/12.5mg; 80/12.5mg
(Not available on KeyCare plans)"
Hypertension,R 90.00,R 100.00,Angiotensin II antagonists: Combinations,Valsartan and diuretics,"Tremistan Plus                     40/12.5mg; 80/12.5mg
(Not available on KeyCare plans)"
Hypertension,R 90.00,R 100.00,Angiotensin II antagonists: Combinations,Valsartan and diuretics,"Niosar co         80/12.5mg; 160/12.5mg; 160/25mg
(Only Executive and Comprehensive plans)"
Hypertension,R 90.00,R 100.00,Angiotensin II antagonists: Combinations,Valsartan and diuretics,"Regoval co       80/12.5mg; 160/12.5mg; 160/25mg
(Only Executive and Comprehensive plans)"
Hypertension,R 90.00,R 100.00,Angiotensin II antagonists: Combinations,Valsartan and diuretics,"Valazyd co       80/12.5mg; 160/12.5mg; 160/25mg
(Only Executive and Comprehensive plans)"
Hypertension,R 90.00,R 100.00,Angiotensin II antagonists: Combinations,Valsartan and diuretics,"Valheft co                            160/12.5mg; 160/25mg
(Only Executive and Comprehensive plans)"
Hypertension,R 170.00,R 205.00,"Angiotensin II antagonists, other combinations","Valsartan, Amlodipine and Hydrochlorothiazide","Arlozyb co                    5/160/12.5mg; 5/160/25mg; 10/160/12.5mg; 10/160/25mg
(Not available on KeyCare plans)"
Hypertension,R 170.00,R 205.00,"Angiotensin II antagonists, other combinations","Valsartan, Amlodipine and Hydrochlorothiazide","Calsar co                      5/160/12.5mg; 5/160/25mg; 10/160/12.5mg; 10/160/25mg
(Not available on KeyCare plans)"
Hypertension,R 170.00,R 205.00,"Angiotensin II antagonists, other combinations","Valsartan, Amlodipine and Hydrochlorothiazide","Diptatris co                  5/160/12.5mg; 5/160/25mg; 10/160/12.5mg; 10/160/25mg
(Not available on KeyCare plans)"
Hypertension,R 75.00,R 110.00,Angiotensin II antagonists: Plain,Irbesartan,"Jubitan                                               150mg; 300mg
(Not available on KeyCare plans)"
Hypertension,R 75.00,R 110.00,Angiotensin II antagonists: Plain,Irbesartan,"Trobet                                               150mg; 300mg
(Not available on KeyCare plans)"
Hypertension,R 75.00,R 110.00,Angiotensin II antagonists: Plain,Losartan,Annin                                                  50mg; 100mg
Hypertension,R 75.00,R 110.00,Angiotensin II antagonists: Plain,Losartan,Austell Losartan                                  50mg; 100mg
Hypertension,R 75.00,R 110.00,Angiotensin II antagonists: Plain,Losartan,"Losartan Accord                                 50mg; 100mg
(Not available on KeyCare plans)"
Hypertension,R 75.00,R 110.00,Angiotensin II antagonists: Plain,Losartan,"Losartan Macleods                             50mg; 100mg
(Not available on KeyCare plans)"
Hypertension,R 75.00,R 110.00,Angiotensin II antagonists: Plain,Losartan,"Normoten                                           50mg; 100mg
(Not available on KeyCare plans)"
Hypertension,R 75.00,R 110.00,Angiotensin II antagonists: Plain,Losartan,"Zaario                                                  50mg; 100mg
(Not available on KeyCare plans)"
Hypertension,R 75.00,R 110.00,Angiotensin II antagonists: Plain,Losartan,"Zartan                                                 50mg; 100mg
(Not available on KeyCare plans)"
Hypertension,R 75.00,R 110.00,Angiotensin II antagonists: Plain,Telmisartan,"Telpres                                                  40mg; 80mg
(Not available on KeyCare plans)"
Hypertension,R 75.00,R 110.00,Angiotensin II antagonists: Plain,Telmisartan,"Tesminol                                               40mg; 80mg
(Not available on KeyCare plans)"
Hypertension,R 75.00,R 110.00,Angiotensin II antagonists: Plain,Telmisartan,"Ticarda                                                  40mg; 80mg
(Not available on KeyCare plans)"
Hypertension,R 75.00,R 110.00,Angiotensin II antagonists: Plain,Valsartan,"Niosar                                                 80mg; 160mg
(Not available on KeyCare plans)"
Hypertension,R 200.00,R 200.00,Anti-adrenergic agents: Alpha-adrenoreceptor antagonists,Doxazosin,Cardugen                                                  1mg; 4mg
Hypertension,R 200.00,R 200.00,Anti-adrenergic agents: Alpha-adrenoreceptor antagonists,,Urodoxa                                                              4mg
Hypertension,R 200.00,R 200.00,Anti-adrenergic agents: Methyldopa,Methyldopa,Hypotone                                                        250mg
Hypertension,R 200.00,R 200.00,Anti-adrenergic agents: Methyldopa,Methyldopa,Timucen                                                          250mg
Hypertension,R 40.00,R 40.00,Anti-adrenergic agents: Rauwolfia alkaloids,Reserpine,Reserpine                                                      0.25mg
Hypertension,R 120.00,R 120.00,Arteriolar smooth muscle agents: Hydrazinophthalazine derivatives,Hydralazine,Hydralazine HCl 25 Kiara                                 25mg
Hypertension,R 120.00,R 120.00,Arteriolar smooth muscle agents: Hydrazinophthalazine derivatives,,Hyperphen                                            10mg; 50mg
Hypertension,R 140.00,R 140.00,Beta blocking agents: Non-selective,Propranolol,Indoblok                                                            40mg
Hypertension,R 60.00,R 70.00,Beta blocking agents: Selective,Atenolol,Adco-Atenolol                                     50mg; 100mg
Hypertension,R 60.00,R 70.00,Beta blocking agents: Selective,Atenolol,B-Block                                                50mg; 100mg
Hypertension,R 60.00,R 70.00,Beta blocking agents: Selective,Atenolol,Tenopress                                           50mg; 100mg
Hypertension,R 60.00,R 70.00,Beta blocking agents: Selective,Bisoprolol,Adco-Bisocor                                           5mg; 10mg
Hypertension,R 60.00,R 70.00,Beta blocking agents: Selective,Bisoprolol,Biloblok                                                               5mg
Hypertension,R 60.00,R 70.00,Beta blocking agents: Selective,Bisoprolol,Bilocor                                                     5mg; 10mg
Hypertension,R 60.00,R 70.00,Beta blocking agents: Selective,Bisoprolol,Bislo                                                         5mg; 10mg
Hypertension,R 60.00,R 70.00,Beta blocking agents: Selective,Bisoprolol,Bisoprolol Unicorn                                  5mg; 10mg
Hypertension,R 60.00,R 70.00,Beta blocking agents: Selective,Bisoprolol,Emcor                                                      5mg; 10mg
Hypertension,R 60.00,R 70.00,Beta blocking agents: Selective,Bisoprolol,Presicard                                                  5mg; 10mg
Hypertension,R 105.00,R 105.00,Calcium channel blockers and diuretics,Amlodipine and diuretics,Natrixam *                                  1.5/5mg; 1.5/10mg
Hypertension,R 20.00,R 40.00,High-ceiling diuretics,Furosemide,Defulide                                                            40mg
Hypertension,R 20.00,R 40.00,High-ceiling diuretics,Furosemide,Furobe                                                               40mg
Hypertension,R 20.00,R 40.00,High-ceiling diuretics,Furosemide,Furosemide  40 Unimed                                  40mg
Hypertension,R 15.00,R 15.00,"Low-ceiling diuretics: Thiazides, plain",Hydrochlorothiazide,Gulf Hydrochlorothiazide                                25mg
Hypertension,R 15.00,R 15.00,"Low-ceiling diuretics: Thiazides, plain",Hydrochlorothiazide,Ridaq                                                              12.5mg
Hypertension,R 15.00,R 15.00,"Low-ceiling diuretics: Thiazides, plain",Hydrochlorothiazide,Zidaflo                                                 12.5mg; 25mg
Hypertension,R 25.00,R 25.00,Low-ceiling diuretics: excluding Thiazides,Indapamide,Adco-Dapamax                                                2.5mg
Hypertension,R 25.00,R 25.00,Low-ceiling diuretics: excluding Thiazides,Indapamide,Catexan                                                            2.5mg
Hypertension,R 25.00,R 25.00,Low-ceiling diuretics: excluding Thiazides,Indapamide,Cipla-Indapamide                                            2.5mg
Hypertension,R 25.00,R 25.00,Low-ceiling diuretics: excluding Thiazides,Indapamide,Mylan Indapamide                                          2.5mg
Hypertension,R 120.00,R 120.00,Potassium sparing agents,Spironolactone,Aldactone                                                         25mg
Hypertension,R 120.00,R 120.00,Potassium sparing agents,Spironolactone,Spironolactone 25mg Accord                          25mg
Hypertension,R 120.00,R 120.00,Potassium sparing agents,Spironolactone,Spironolactone 25 Kiara                                   25mg
Hypertension,R 130.00,R 130.00,Potassium supplements,Potassium chloride,Ultipot                                                             600mg
Hypertension,R 245.00,R 245.00,Selective calcium channel blockers with direct cardiac effects,Diltiazem,Adco-Zildem SR                                 180mg; 240mg
Hypertension,R 245.00,R 245.00,Selective calcium channel blockers with direct cardiac effects,Verapamil,Verahexal 240 SR                                           240mg
Hypertension,R 245.00,R 245.00,Selective calcium channel blockers with direct cardiac effects,,Verapamil 40 Oethmaan                                  40mg
Hypertension,R 80.00,R 80.00,Selective calcium channel blockers with mainly vascular effects,Amlodipine,Amloc                                                      5mg; 10mg
Hypertension,R 80.00,R 80.00,Selective calcium channel blockers with mainly vascular effects,Amlodipine,Amlodac                                                  5mg; 10mg
Hypertension,R 80.00,R 80.00,Selective calcium channel blockers with mainly vascular effects,Amlodipine,Amlodipine Hetero                                  5mg; 10mg
Hypertension,R 80.00,R 80.00,Selective calcium channel blockers with mainly vascular effects,Amlodipine,Amlodipine Unicorn                                5mg; 10mg
Hypertension,R 80.00,R 80.00,Selective calcium channel blockers with mainly vascular effects,Amlodipine,Amlodipine Unimed                                5mg; 10mg
Hypertension,R 80.00,R 80.00,Selective calcium channel blockers with mainly vascular effects,Amlodipine,Amlovasc                                                 5mg; 10mg
Hypertension,R 80.00,R 80.00,Selective calcium channel blockers with mainly vascular effects,Amlodipine,Amtas                                                      5mg; 10mg
Hypertension,R 80.00,R 80.00,Selective calcium channel blockers with mainly vascular effects,Amlodipine,Aprate                                                     5mg; 10mg
Hypertension,R 80.00,R 80.00,Selective calcium channel blockers with mainly vascular effects,Amlodipine,Austell-Amlodipine                                  5mg; 10mg
Hypertension,R 80.00,R 80.00,Selective calcium channel blockers with mainly vascular effects,Amlodipine,Ciplavasc                                                 5mg; 10mg
Hypertension,R 80.00,R 80.00,Selective calcium channel blockers with mainly vascular effects,Amlodipine,Pendine                                                   5mg; 10mg
Hypertension,R 80.00,R 80.00,Selective calcium channel blockers with mainly vascular effects,Amlodipine,Vasloc                                                      5mg; 10mg
Hypertension,R 80.00,R 80.00,Selective calcium channel blockers with mainly vascular effects,Felodipine,"Felodipine Kiara                                      5mg; 10mg
(Only Executive and Comprehensive plans)"
Hypertension,R 80.00,R 80.00,Selective calcium channel blockers with mainly vascular effects,Nifedipine,"Adalat XL                                                           30mg
(Not available on KeyCare plans)"
Hypertension,R 80.00,R 80.00,Selective calcium channel blockers with mainly vascular effects,Nifedipine,Cipalat Retard                                                  20mg
Hypertension,R 80.00,R 80.00,Selective calcium channel blockers with mainly vascular effects,Nifedipine,"Cipalat XR                                              30mg, 60mg
(Not available on KeyCare plans)"
Hypertension,R 80.00,R 80.00,Selective calcium channel blockers with mainly vascular effects,Nifedipine,"Fedaloc SR                                             30mg, 60mg
(Not available on KeyCare plans)"
Hypertension,R 80.00,R 80.00,Selective calcium channel blockers with mainly vascular effects,Nifedipine,"Fidocare XL                                            30mg, 60mg
(Not available on KeyCare plans)"
Hypertension,R 80.00,R 80.00,Selective calcium channel blockers with mainly vascular effects,Nifedipine,"Gitsalat                                                              30mg
(Not available on KeyCare plans)"
Hypothyroidism,R 30.00,R 30.00,Thyroid hormones,Levothyroxine sodium,Euthyrox                25mcg; 50mcg; 75mcg; 100mcg
Hypothyroidism,R 30.00,R 30.00,Thyroid hormones,Levothyroxine sodium,Mithyro                   25mcg; 50mcg; 75mcg; 100mcg
Hypothyroidism,R 30.00,R 30.00,Thyroid hormones,Levothyroxine sodium,Roidace                  25mcg; 50mcg; 75mcg; 100mcg
Chronic obstructive pulmonary disease (COPD),R 45.00,R 45.00,"Adrenergics:
Short acting - Salbutamol",Salbutamol,Azmaler 200 dose                                        100mcg
Chronic obstructive pulmonary disease (COPD),R 45.00,R 45.00,"Adrenergics:
Short acting - Salbutamol",Salbutamol,Glenbute 200 dose                                       100mcg
Chronic obstructive pulmonary disease (COPD),R 45.00,R 45.00,"Adrenergics:
Short acting - Salbutamol",Salbutamol,Ventimax CFC free 200 dose                       100mcg
Chronic obstructive pulmonary disease (COPD),R 275.00,R 275.00,Inhaled anticholinergics: Ipratropium bromide,Ipratropium bromide,Atrovent HFA 200 dose                                   20mcg
Chronic obstructive pulmonary disease (COPD),R 20.00,R 20.00,Systemic Corticosteroids: Prednisone,Prednisone,Be-Tabs Prednisone                                           5mg
Chronic obstructive pulmonary disease (COPD),R 20.00,R 20.00,Systemic Corticosteroids: Prednisone,Prednisone,Panafcort                                                            5mg
Chronic obstructive pulmonary disease (COPD),R 20.00,R 20.00,Systemic Corticosteroids: Prednisone,Prednisone,Trolic                                                                   5mg